{"Fluid intelligence score: Component 0 : Main effect canonical variate": 0.4074426229508197, "Fluid intelligence score: Component 1 : Main effect e2/2": 0.00026229508196721314, "Fluid intelligence score: Component 2 : Main effect e2/3": 0.006098360655737705, "Fluid intelligence score: Component 3 : Main effect e3/3": 0.005426229508196721, "Fluid intelligence score: Component 4 : Main effect e2/4": 0.2151967213114754, "Fluid intelligence score: Component 5 : Main effect e3/4": 0.010885245901639345, "Fluid intelligence score: Component 6 : Main effect e4/4": 0.0928360655737705, "Fluid intelligence score: Component 7 : Age": 0.1499344262295082, "Fluid intelligence score: Component 8 : Canonical variate x e2/2": 0.21049180327868852, "Fluid intelligence score: Component 9 : Canonical variate x e2/3": 0.3742786885245902, "Fluid intelligence score: Component 10 : Canonical variate x e3/3": 0.45424590163934425, "Fluid intelligence score: Component 11 : Canonical variate x e2/4": 0.2158360655737705, "Fluid intelligence score: Component 12 : Canonical variate x e3/4": 0.4483606557377049, "Fluid intelligence score: Component 13 : Canonical variate x e4/4": 0.3555737704918033}