,mean,5th_percentile,25th_percentile,median,75th_percentile,95th_percentile
component_1,0.5863678043514952,0.3808184312906297,0.529036362153794,0.6054184971133036,0.6601423308774421,0.7414771570242582
component_2,0.5050692799292706,0.15390655298866135,0.4071837730490375,0.529724127479089,0.6320567924391125,0.7654021403885645
component_3,0.2458765030609773,0.017769132348623082,0.11450854458695986,0.22081344558498633,0.35671801566865907,0.5593254924349559
