,catid,coid,phesid,phenotype,mean_diff_p_val,5th_percentile,25th_percentile,median,75th_percentile,95th_percentile
198,10,6138-0.0,6138#4,Qualifications (0.0),0.25996529111277167,0.017930518003826522,0.07977931475170003,0.18043408933688646,0.37369241682534504,0.7746910963063843
